caller_path,caller_plugin,callee_name,callee_plugin,call_site_kind,line
skills/gas-review/SKILL.md,gas-suite,review-plan,review-suite,Skill_call,57
skills/test-schedule-plan-tasks/references/agent-template.md,planning-suite,schedule-plan-tasks,planning-suite,Skill_call,20
skills/test-schedule-plan-tasks/references/agent-template-dryrun.md,planning-suite,schedule-plan-tasks,planning-suite,Skill_call,20
skills/test-schedule-plan-tasks/SKILL.md,planning-suite,schedule-plan-tasks,planning-suite,Skill_call,75
skills/test-schedule-plan-tasks/SKILL.md,planning-suite,schedule-plan-tasks,planning-suite,Skill_call,114
agents/gas-code-review.md,gas-suite,gas-review,gas-suite,slash_text,14
agents/gas-code-review.md,gas-suite,test,planning-suite,slash_text,182
agents/gas-debug-team-lead.md,gas-suite,gas-debug,gas-suite,slash_text,104
agents/gas-debug-team-lead.md,gas-suite,gas-debug,gas-suite,slash_text,14
agents/gas-debug-team-lead.md,gas-suite,gas-debug,gas-suite,slash_text,16
agents/gas-debug-team-lead.md,gas-suite,gas-debug,gas-suite,slash_text,646
agents/gas-debug-team-lead.md,gas-suite,gas-debug,gas-suite,slash_text,706
agents/gas-debug-team-lead.md,gas-suite,gas-debug,gas-suite,slash_text,737
agents/gas-debug-team-lead.md,gas-suite,gas-debug,gas-suite,slash_text,772
agents/gas-debug-team-lead.md,gas-suite,gas-debug,gas-suite,slash_text,84
agents/gas-gmail-cards.md,gas-suite,review-plan,review-suite,slash_text,14
agents/gas-gmail-cards.md,gas-suite,review-plan,review-suite,slash_text,3
agents/gas-gmail-cards.md,gas-suite,review-plan,review-suite,slash_text,55
agents/gas-review-team-lead.md,gas-suite,gas-review,gas-suite,slash_text,16
agents/gas-review.md,gas-suite,review-fix,review-suite,slash_text,11
agents/gas-ui-review.md,gas-suite,gas-review,gas-suite,slash_text,13
agents/prompt-reviewer.md,review-suite,improve-prompt,review-bench,slash_text,9
agents/prompt-reviewer.md,review-suite,prompt,core-tools,slash_text,71
agents/prompter.md,core-tools,prompt,core-tools,slash_text,150
agents/prompter.md,core-tools,prompt,core-tools,slash_text,152
agents/prompter.md,core-tools,prompt,core-tools,slash_text,155
agents/prompter.md,core-tools,prompt,core-tools,slash_text,176
commands/gas-undocumented.md,gas-suite,gas-commercial,gas-suite,slash_text,4106
commands/gas-undocumented.md,gas-suite,gas-commercial,gas-suite,slash_text,4329
commands/inputs/review-fix/input4-empty-args-no-files.md,UNASSIGNED,review-fix,review-suite,slash_text,5
plugins/async-workflow/CLEANUP_GUIDE.md,async-suite,bg,async-suite,slash_text,34
plugins/async-workflow/CLEANUP_GUIDE.md,async-suite,todo,async-suite,slash_text,33
plugins/async-workflow/CLEANUP_GUIDE.md,async-suite,todo-cleanup,async-suite,slash_text,35
plugins/async-workflow/commands/bg.md,async-suite,todo,async-suite,slash_text,20
plugins/async-workflow/commands/bg.md,async-suite,todo,async-suite,slash_text,28
plugins/async-workflow/commands/bg.md,async-suite,todo,async-suite,slash_text,29
plugins/async-workflow/commands/bg.md,async-suite,todo,async-suite,slash_text,30
plugins/async-workflow/commands/bg.md,async-suite,todo,async-suite,slash_text,31
plugins/async-workflow/commands/bg.md,async-suite,todo,async-suite,slash_text,335
plugins/async-workflow/commands/bg.md,async-suite,todo,async-suite,slash_text,337
plugins/async-workflow/commands/todo-cleanup.md,async-suite,bg,async-suite,slash_text,204
plugins/async-workflow/commands/todo-cleanup.md,async-suite,bg,async-suite,slash_text,277
plugins/async-workflow/commands/todo-cleanup.md,async-suite,bg,async-suite,slash_text,279
plugins/async-workflow/commands/todo-cleanup.md,async-suite,todo,async-suite,slash_text,204
plugins/async-workflow/commands/todo-cleanup.md,async-suite,todo,async-suite,slash_text,277
plugins/async-workflow/commands/todo-cleanup.md,async-suite,todo,async-suite,slash_text,279
plugins/async-workflow/scripts/test-edge-cases-v2.md,async-suite,bg,async-suite,slash_text,255
plugins/async-workflow/scripts/test-edge-cases-v2.md,async-suite,todo,async-suite,slash_text,131
plugins/async-workflow/scripts/test-edge-cases-v2.md,async-suite,todo,async-suite,slash_text,133
plugins/async-workflow/scripts/test-edge-cases-v2.md,async-suite,todo,async-suite,slash_text,155
plugins/async-workflow/scripts/test-edge-cases-v2.md,async-suite,todo,async-suite,slash_text,157
plugins/async-workflow/scripts/test-edge-cases-v2.md,async-suite,todo,async-suite,slash_text,179
plugins/async-workflow/scripts/test-edge-cases-v2.md,async-suite,todo,async-suite,slash_text,180
plugins/async-workflow/scripts/test-edge-cases-v2.md,async-suite,todo,async-suite,slash_text,181
plugins/async-workflow/scripts/test-edge-cases-v2.md,async-suite,todo,async-suite,slash_text,228
plugins/async-workflow/scripts/test-edge-cases-v2.md,async-suite,todo,async-suite,slash_text,55
plugins/async-workflow/scripts/test-edge-cases-v2.md,async-suite,todo,async-suite,slash_text,57
plugins/async-workflow/scripts/test-edge-cases-v2.md,async-suite,todo,async-suite,slash_text,58
plugins/async-workflow/scripts/test-edge-cases-v2.md,async-suite,todo,async-suite,slash_text,59
plugins/async-workflow/scripts/test-edge-cases-v2.md,async-suite,todo,async-suite,slash_text,60
plugins/async-workflow/scripts/test-edge-cases-v2.md,async-suite,todo,async-suite,slash_text,61
plugins/async-workflow/scripts/test-edge-cases-v2.md,async-suite,todo-cleanup,async-suite,slash_text,118
plugins/async-workflow/scripts/test-edge-cases-v2.md,async-suite,todo-cleanup,async-suite,slash_text,256
plugins/async-workflow/scripts/test-edge-cases-v2.md,async-suite,todo-cleanup,async-suite,slash_text,259
plugins/async-workflow/scripts/test-edge-cases-v2.md,async-suite,todo-cleanup,async-suite,slash_text,41
plugins/async-workflow/scripts/test-edge-cases-v2.md,async-suite,todo-cleanup,async-suite,slash_text,95
plugins/async-workflow/skills/async-workflow/SKILL.md,async-suite,bg,async-suite,slash_text,12
plugins/async-workflow/skills/async-workflow/SKILL.md,async-suite,bg,async-suite,slash_text,14
plugins/async-workflow/skills/async-workflow/SKILL.md,async-suite,bg,async-suite,slash_text,181
plugins/async-workflow/skills/async-workflow/SKILL.md,async-suite,bg,async-suite,slash_text,184
plugins/async-workflow/skills/async-workflow/SKILL.md,async-suite,bg,async-suite,slash_text,205
plugins/async-workflow/skills/async-workflow/SKILL.md,async-suite,bg,async-suite,slash_text,206
plugins/async-workflow/skills/async-workflow/SKILL.md,async-suite,bg,async-suite,slash_text,226
plugins/async-workflow/skills/async-workflow/SKILL.md,async-suite,bg,async-suite,slash_text,227
plugins/async-workflow/skills/async-workflow/SKILL.md,async-suite,bg,async-suite,slash_text,59
plugins/async-workflow/skills/async-workflow/SKILL.md,async-suite,bg,async-suite,slash_text,69
plugins/async-workflow/skills/async-workflow/SKILL.md,async-suite,bg,async-suite,slash_text,72
plugins/async-workflow/skills/async-workflow/SKILL.md,async-suite,todo,async-suite,slash_text,12
plugins/async-workflow/skills/async-workflow/SKILL.md,async-suite,todo,async-suite,slash_text,14
plugins/async-workflow/skills/async-workflow/SKILL.md,async-suite,todo,async-suite,slash_text,159
plugins/async-workflow/skills/async-workflow/SKILL.md,async-suite,todo,async-suite,slash_text,162
plugins/async-workflow/skills/async-workflow/SKILL.md,async-suite,todo,async-suite,slash_text,204
plugins/async-workflow/skills/async-workflow/SKILL.md,async-suite,todo,async-suite,slash_text,239
plugins/async-workflow/skills/async-workflow/SKILL.md,async-suite,todo,async-suite,slash_text,264
plugins/async-workflow/skills/async-workflow/SKILL.md,async-suite,todo,async-suite,slash_text,39
plugins/async-workflow/skills/async-workflow/SKILL.md,async-suite,todo,async-suite,slash_text,56
plugins/async-workflow/skills/async-workflow/SKILL.md,async-suite,todo,async-suite,slash_text,77
plugins/async-workflow/skills/async-workflow/SKILL.md,async-suite,todo-cleanup,async-suite,slash_text,211
plugins/async-workflow/skills/async-workflow/SKILL.md,async-suite,todo-cleanup,async-suite,slash_text,212
plugins/async-workflow/skills/async-workflow/SKILL.md,async-suite,todo-cleanup,async-suite,slash_text,256
plugins/async-workflow/skills/async-workflow/SKILL.md,async-suite,todo-cleanup,async-suite,slash_text,82
plugins/wiki-hooks/templates/classifier.md,wiki-suite,wiki-ingest,wiki-suite,slash_text,111
plugins/wiki-hooks/templates/classifier.md,wiki-suite,wiki-ingest,wiki-suite,slash_text,12
plugins/wiki-hooks/templates/classifier.md,wiki-suite,wiki-query,wiki-suite,slash_text,18
skills/ablate-review-plan/PLAN-v3-adversarial.md,review-bench,ablate-review-plan,review-bench,slash_text,59
skills/ablate-review-plan/PLAN-v3-adversarial.md,review-bench,ablate-review-plan,review-bench,slash_text,75
skills/ablate-review-plan/PLAN-v3-adversarial.md,review-bench,ablate-review-plan,review-bench,slash_text,91
skills/ablate-review-plan/RESULTS.md,review-bench,ablate-review-plan,review-bench,slash_text,458
skills/ablate-review-plan/RESULTS.md,review-bench,ablate-review-plan,review-bench,slash_text,520
skills/ablate-review-plan/RESULTS.md,review-bench,ablate-review-plan,review-bench,slash_text,601
skills/ablate-review-plan/RESULTS.md,review-bench,review-plan,review-suite,slash_text,1023
skills/ablate-review-plan/RESULTS.md,review-bench,review-plan,review-suite,slash_text,1118
skills/ablate-review-plan/RESULTS.md,review-bench,review-plan,review-suite,slash_text,1232
skills/form990/PHASES.md,form990,form990,form990,slash_text,1749
skills/form990/PHASES.md,form990,form990,form990,slash_text,1752
skills/form990/PHASES.md,form990,form990,form990,slash_text,274
skills/form990/PHASES.md,form990,form990,form990,slash_text,289
skills/form990/QUESTIONS.md,form990,form990,form990,slash_text,1158
skills/form990/QUESTIONS.md,form990,form990,form990,slash_text,1245
skills/form990/TOKEN-EFFICIENCY-AUDIT.md,form990,compare-prompts,review-bench,slash_text,235
skills/form990/VERIFY.md,form990,form990,form990,slash_text,166
skills/form990/VERIFY.md,form990,form990,form990,slash_text,198
skills/form990/VERIFY.md,form990,form990,form990,slash_text,20
skills/form990/VERIFY.md,form990,form990,form990,slash_text,205
skills/form990/VERIFY.md,form990,form990,form990,slash_text,310
skills/form990/VERIFY.md,form990,form990,form990,slash_text,315
skills/form990/VERIFY.md,form990,form990,form990,slash_text,42
skills/form990/VERIFY.md,form990,form990,form990,slash_text,61
skills/form990/VERIFY.md,form990,form990,form990,slash_text,647
skills/form990/VERIFY.md,form990,form990,form990,slash_text,8
skills/form990/VERIFY.md,form990,form990,form990,slash_text,81
skills/form990/VERIFY.md,form990,form990,form990,slash_text,836
skills/form990/VERIFY.md,form990,form990,form990,slash_text,837
skills/form990/VERIFY.md,form990,form990,form990,slash_text,97
skills/form990/templates/PLAN-TEMPLATE.md,form990,form990,form990,slash_text,187
skills/form990/templates/efile-handoff-packet.md,form990,form990,form990,slash_text,3
skills/gas-code-review/SKILL.md,gas-suite,gas-review,gas-suite,slash_text,14
skills/gas-debug/tests/INTEGRATION_TEST_PLAN.md,gas-suite,gas-debug,gas-suite,slash_text,1
skills/gas-debug/tests/INTEGRATION_TEST_PLAN.md,gas-suite,gas-debug,gas-suite,slash_text,113
skills/gas-debug/tests/INTEGRATION_TEST_PLAN.md,gas-suite,gas-debug,gas-suite,slash_text,168
skills/gas-debug/tests/INTEGRATION_TEST_PLAN.md,gas-suite,gas-debug,gas-suite,slash_text,197
skills/gas-debug/tests/INTEGRATION_TEST_PLAN.md,gas-suite,gas-debug,gas-suite,slash_text,226
skills/gas-debug/tests/INTEGRATION_TEST_PLAN.md,gas-suite,gas-debug,gas-suite,slash_text,237
skills/gas-debug/tests/INTEGRATION_TEST_PLAN.md,gas-suite,gas-debug,gas-suite,slash_text,247
skills/gas-debug/tests/INTEGRATION_TEST_PLAN.md,gas-suite,gas-debug,gas-suite,slash_text,31
skills/gas-debug/tests/INTEGRATION_TEST_PLAN.md,gas-suite,gas-debug,gas-suite,slash_text,57
skills/gas-debug/tests/INTEGRATION_TEST_PLAN.md,gas-suite,gas-debug,gas-suite,slash_text,88
skills/gas-debug/tests/INTEGRATION_TEST_PLAN.md,gas-suite,optimize-system-prompt,review-bench,slash_text,495
skills/gas-plan/QUESTIONS.md,gas-suite,gas-review,gas-suite,slash_text,272
skills/gas-plan/SKILL.md,gas-suite,gas-review,gas-suite,slash_text,287
skills/gas-plan/SKILL.md,gas-suite,gas-review,gas-suite,slash_text,708
skills/gas-plan/SKILL.md,gas-suite,improve-prompt,review-bench,slash_text,16
skills/gas-review/tests/INTEGRATION_TEST_PLAN.md,gas-suite,gas-debug,gas-suite,slash_text,509
skills/gas-review/tests/INTEGRATION_TEST_PLAN.md,gas-suite,gas-review,gas-suite,slash_text,1
skills/gas-review/tests/INTEGRATION_TEST_PLAN.md,gas-suite,gas-review,gas-suite,slash_text,30
skills/gas-review/tests/INTEGRATION_TEST_PLAN.md,gas-suite,gas-review,gas-suite,slash_text,31
skills/gas-review/tests/INTEGRATION_TEST_PLAN.md,gas-suite,gas-review,gas-suite,slash_text,358
skills/gas-review/tests/INTEGRATION_TEST_PLAN.md,gas-suite,gas-review,gas-suite,slash_text,361
skills/gas-review/tests/INTEGRATION_TEST_PLAN.md,gas-suite,gas-review,gas-suite,slash_text,362
skills/gas-review/tests/INTEGRATION_TEST_PLAN.md,gas-suite,gas-review,gas-suite,slash_text,363
skills/gas-review/tests/INTEGRATION_TEST_PLAN.md,gas-suite,gas-review,gas-suite,slash_text,57
skills/gas-review/tests/INTEGRATION_TEST_PLAN.md,gas-suite,gas-review,gas-suite,slash_text,90
skills/gas-review/tests/INTEGRATION_TEST_PLAN.md,gas-suite,optimize-system-prompt,review-bench,slash_text,510
skills/gas-sidebar/SKILL.md,gas-suite,gas-debug,gas-suite,slash_text,164
skills/gas-sidebar/SKILL.md,gas-suite,gas-debug,gas-suite,slash_text,328
skills/gas-sidebar/SKILL.md,gas-suite,gas-debug,gas-suite,slash_text,655
skills/gas-ui-debug/SKILL.md,gas-suite,gas-code-review,gas-suite,slash_text,707
skills/gas-ui-debug/SKILL.md,gas-suite,gas-debug,gas-suite,slash_text,704
skills/gas-ui-debug/SKILL.md,gas-suite,gas-sidebar,gas-suite,slash_text,706
skills/gas-ui-debug/SKILL.md,gas-suite,gas-ui-review,gas-suite,slash_text,705
skills/gas-ui-review/SKILL.md,gas-suite,gas-review,gas-suite,slash_text,14
skills/improve-prompt/probe-generation/WORKFLOW.md,review-bench,improve-prompt,review-bench,slash_text,1
skills/improve-prompt/probe-generation/WORKFLOW.md,review-bench,improve-prompt,review-bench,slash_text,3
skills/improve-prompt/probe-generation/WORKFLOW.md,review-bench,improve-prompt,review-bench,slash_text,332
skills/improve-prompt/probe-generation/WORKFLOW.md,review-bench,improve-prompt,review-bench,slash_text,5
skills/improve-prompt/probe-generation/WORKFLOW.md,review-bench,improve-prompt,review-bench,slash_text,8
skills/improve-prompt/references/critique-rubric.md,review-bench,improve-prompt,review-bench,slash_text,3
skills/improve-system-prompt/SKILL.md,review-bench,optimize-system-prompt,review-bench,slash_text,15
skills/optimize-system-prompt/SKILL.md,review-bench,improve-prompt,review-bench,slash_text,197
skills/optimize-system-prompt/SKILL.md,review-bench,improve-prompt,review-bench,slash_text,199
skills/optimize-system-prompt/SKILL.md,review-bench,improve-prompt,review-bench,slash_text,205
skills/optimize-system-prompt/ideate-mode/WORKFLOW.md,review-bench,improve-system-prompt,review-bench,slash_text,1060
skills/optimize-system-prompt/ideate-mode/WORKFLOW.md,review-bench,improve-system-prompt,review-bench,slash_text,11
skills/optimize-system-prompt/ideate-mode/WORKFLOW.md,review-bench,improve-system-prompt,review-bench,slash_text,842
skills/optimize-system-prompt/ideate-mode/WORKFLOW.md,review-bench,optimize-system-prompt,review-bench,slash_text,1
skills/optimize-system-prompt/ideate-mode/WORKFLOW.md,review-bench,optimize-system-prompt,review-bench,slash_text,1126
skills/optimize-system-prompt/ideate-mode/WORKFLOW.md,review-bench,optimize-system-prompt,review-bench,slash_text,1129
skills/optimize-system-prompt/ideate-mode/WORKFLOW.md,review-bench,optimize-system-prompt,review-bench,slash_text,1132
skills/optimize-system-prompt/ideate-mode/WORKFLOW.md,review-bench,optimize-system-prompt,review-bench,slash_text,1135
skills/optimize-system-prompt/ideate-mode/WORKFLOW.md,review-bench,optimize-system-prompt,review-bench,slash_text,1138
skills/optimize-system-prompt/ideate-mode/WORKFLOW.md,review-bench,optimize-system-prompt,review-bench,slash_text,1141
skills/optimize-system-prompt/ideate-mode/WORKFLOW.md,review-bench,optimize-system-prompt,review-bench,slash_text,3
skills/proactive-research/SKILL.md,wiki-suite,wiki-ingest,wiki-suite,slash_text,108
skills/proactive-research/SKILL.md,wiki-suite,wiki-ingest,wiki-suite,slash_text,13
skills/proactive-research/SKILL.md,wiki-suite,wiki-ingest,wiki-suite,slash_text,32
skills/proactive-research/SKILL.md,wiki-suite,wiki-ingest,wiki-suite,slash_text,36
skills/proactive-research/SKILL.md,wiki-suite,wiki-ingest,wiki-suite,slash_text,45
skills/proactive-research/SKILL.md,wiki-suite,wiki-ingest,wiki-suite,slash_text,70
skills/proactive-research/SKILL.md,wiki-suite,wiki-ingest,wiki-suite,slash_text,85
skills/proactive-research/SKILL.md,wiki-suite,wiki-lint,wiki-suite,slash_text,111
skills/proactive-research/SKILL.md,wiki-suite,wiki-query,wiki-suite,slash_text,110
skills/proactive-research/SKILL.md,wiki-suite,wiki-query,wiki-suite,slash_text,25
skills/proactive-research/SKILL.md,wiki-suite,wiki-query,wiki-suite,slash_text,35
skills/proactive-research/SKILL.md,wiki-suite,wiki-query,wiki-suite,slash_text,37
skills/proactive-research/SKILL.md,wiki-suite,wiki-query,wiki-suite,slash_text,45
skills/proactive-research/SKILL.md,wiki-suite,wiki-query,wiki-suite,slash_text,82
skills/review-plan/QUESTIONS.md,review-suite,review-fix,review-suite,slash_text,245
skills/review-plan/SKILL.md,review-suite,gas-review,gas-suite,slash_text,11
skills/review-plan/SKILL.md,review-suite,optimize-questions,review-bench,slash_text,2956
skills/review-plan/SKILL.md,review-suite,review-fix,review-suite,slash_text,22
skills/review-plan/SKILL.md,review-suite,review-fix,review-suite,slash_text,3406
skills/review-plan/SKILL.md,review-suite,review-fix,review-suite,slash_text,3448
skills/review-plan/SKILL.md,review-suite,review-fix,review-suite,slash_text,3546
skills/review-plan/SKILL.md,review-suite,review-fix,review-suite,slash_text,3547
skills/review-plan/SKILL.md,review-suite,wiki-process,wiki-suite,slash_text,3691
skills/review-plan/inputs/input1-gas-plan.md,review-suite,gas-review,gas-suite,slash_text,100
skills/review-plan/inputs/input1-gas-plan.md,review-suite,review-fix,review-suite,slash_text,100
skills/review-plan/inputs/input2-node-plan.md,review-suite,review-fix,review-suite,slash_text,109
skills/review-plan/inputs/input2-node-plan.md,review-suite,review-fix,review-suite,slash_text,112
skills/review-plan/inputs/input4-plan-with-issues.md,review-suite,review-fix,review-suite,slash_text,93
skills/review-plan/inputs/input4-plan-with-issues.md,review-suite,review-fix,review-suite,slash_text,96
skills/review-plan/inputs/input5-gas-ui-plan.md,review-suite,review-fix,review-suite,slash_text,77
skills/review-plan/inputs/input6-node-refactor-missing-prereads.md,review-suite,review-fix,review-suite,slash_text,69
skills/review-plan/inputs/input8-gas-oauth-tbd-markers.md,review-suite,review-fix,review-suite,slash_text,79
skills/review-plan/probes/analysis.md,review-suite,improve-prompt,review-bench,slash_text,62
skills/review-plan/probes/probe-1-unvalidated-constraint.md,review-suite,review-fix,review-suite,slash_text,66
skills/review-plan/probes/probe-1-unvalidated-constraint.md,review-suite,review-fix,review-suite,slash_text,69
skills/review-plan/probes/probe-13-gas-onthinking-fix.md,review-suite,review-fix,review-suite,slash_text,106
skills/review-plan/probes/probe-16-gas-chatservice-wrapper.md,review-suite,review-fix,review-suite,slash_text,98
skills/review-plan/probes/probe-17-untrusted-log-injection.md,review-suite,review-fix,review-suite,slash_text,62
skills/review-plan/probes/probe-17-untrusted-log-injection.md,review-suite,review-fix,review-suite,slash_text,65
skills/review-plan/probes/probe-18-silent-type-mismatch.md,review-suite,review-fix,review-suite,slash_text,55
skills/review-plan/probes/probe-18-silent-type-mismatch.md,review-suite,review-fix,review-suite,slash_text,58
skills/review-plan/probes/probe-19-live-entry-point-removal.md,review-suite,review-fix,review-suite,slash_text,53
skills/review-plan/probes/probe-2-phantom-code-references.md,review-suite,review-fix,review-suite,slash_text,63
skills/review-plan/probes/probe-2-phantom-code-references.md,review-suite,review-fix,review-suite,slash_text,66
skills/review-plan/probes/probe-20-silent-async-rejection.md,review-suite,review-fix,review-suite,slash_text,60
skills/review-plan/probes/probe-21-procedurally-clean-false-claim.md,review-suite,review-fix,review-suite,slash_text,59
skills/review-plan/probes/probe-3-cross-phase-contradiction.md,review-suite,review-fix,review-suite,slash_text,69
skills/review-plan/probes/probe-3-cross-phase-contradiction.md,review-suite,review-fix,review-suite,slash_text,71
skills/review-plan/probes/probe-4-guidance-implementation-gap.md,review-suite,review-fix,review-suite,slash_text,64
skills/review-plan/probes/probe-4-guidance-implementation-gap.md,review-suite,review-fix,review-suite,slash_text,66
skills/review-plan/probes/probe-5-translation-boundary-gap.md,review-suite,review-fix,review-suite,slash_text,68
skills/review-plan/probes/probe-5-translation-boundary-gap.md,review-suite,review-fix,review-suite,slash_text,70
skills/review-plan/probes/probe-6-cross-boundary-signature.md,review-suite,review-fix,review-suite,slash_text,79
skills/review-plan/probes/probe-6-cross-boundary-signature.md,review-suite,review-fix,review-suite,slash_text,82
skills/review-plan/probes/probe-7-untestable-verification.md,review-suite,review-fix,review-suite,slash_text,60
skills/review-plan/probes/probe-7-untestable-verification.md,review-suite,review-fix,review-suite,slash_text,62
skills/review-plan/probes/probe-8-underspecified-translation.md,review-suite,review-fix,review-suite,slash_text,68
skills/review-plan/probes/probe-8-underspecified-translation.md,review-suite,review-fix,review-suite,slash_text,70
skills/review-plan/probes/probe-9-g1-pass-calibration.md,review-suite,review-fix,review-suite,slash_text,74
skills/review-plan/probes/probe-9-g1-pass-calibration.md,review-suite,review-fix,review-suite,slash_text,76
skills/schedule-plan-tasks/VALIDATION.md,planning-suite,test-schedule-plan-tasks,planning-suite,slash_text,29
skills/schedule-plan-tasks/VALIDATION.md,planning-suite,test-schedule-plan-tasks,planning-suite,slash_text,38
skills/schedule-plan-tasks/VALIDATION.md,planning-suite,test-schedule-plan-tasks,planning-suite,slash_text,56
skills/schedule-plan-tasks/VALIDATION.md,planning-suite,test-schedule-plan-tasks,planning-suite,slash_text,69
skills/shared/judge-pattern.md,UNASSIGNED,improve-system-prompt,review-bench,slash_text,139
skills/shared/judge-pattern.md,UNASSIGNED,improve-system-prompt,review-bench,slash_text,4
skills/shared/judge-pattern.md,UNASSIGNED,optimize-system-prompt,review-bench,slash_text,140
skills/shared/judge-pattern.md,UNASSIGNED,optimize-system-prompt,review-bench,slash_text,4
skills/shared/question-cross-reference.md,UNASSIGNED,gas-review,gas-suite,slash_text,59
skills/shared/question-cross-reference.md,UNASSIGNED,review-fix,review-suite,slash_text,59
skills/sync-status/SKILL.md,core-tools,craft-update,core-tools,slash_text,107
skills/test-slides/SKILL.md,slides-suite,slides,slides-suite,slash_text,14
skills/test-slides/SKILL.md,slides-suite,slides,slides-suite,slash_text,4
skills/validate-questions/SKILL.md,review-bench,question-bench,review-bench,slash_text,97
skills/wiki-ingest/SKILL.md,wiki-suite,wiki-init,wiki-suite,slash_text,30
skills/wiki-init/SKILL.md,wiki-suite,wiki-ingest,wiki-suite,slash_text,196
skills/wiki-init/SKILL.md,wiki-suite,wiki-ingest,wiki-suite,slash_text,60
skills/wiki-init/SKILL.md,wiki-suite,wiki-lint,wiki-suite,slash_text,144
skills/wiki-init/SKILL.md,wiki-suite,wiki-lint,wiki-suite,slash_text,199
skills/wiki-init/SKILL.md,wiki-suite,wiki-load,wiki-suite,slash_text,170
skills/wiki-init/SKILL.md,wiki-suite,wiki-load,wiki-suite,slash_text,198
skills/wiki-init/SKILL.md,wiki-suite,wiki-load,wiki-suite,slash_text,60
skills/wiki-init/SKILL.md,wiki-suite,wiki-load,wiki-suite,slash_text,92
skills/wiki-init/SKILL.md,wiki-suite,wiki-query,wiki-suite,slash_text,170
skills/wiki-init/SKILL.md,wiki-suite,wiki-query,wiki-suite,slash_text,197
skills/wiki-init/SKILL.md,wiki-suite,wiki-query,wiki-suite,slash_text,60
skills/wiki-lint/SKILL.md,wiki-suite,wiki-init,wiki-suite,slash_text,20
skills/wiki-load/SKILL.md,wiki-suite,wiki-ingest,wiki-suite,slash_text,93
skills/wiki-load/SKILL.md,wiki-suite,wiki-query,wiki-suite,slash_text,100
skills/wiki-load/SKILL.md,wiki-suite,wiki-query,wiki-suite,slash_text,24
skills/wiki-load/SKILL.md,wiki-suite,wiki-query,wiki-suite,slash_text,85
skills/wiki-query/SKILL.md,wiki-suite,wiki-ingest,wiki-suite,slash_text,97
skills/wiki-query/SKILL.md,wiki-suite,wiki-init,wiki-suite,slash_text,27
skills/wiki-query/SKILL.md,wiki-suite,wiki-lint,wiki-suite,slash_text,47
